{"cameraMode":{"drawMode":0,"name":"Shaded","section":"Shading Mode"},"sceneLighting":true,"audioPlay":false,"sceneViewState":{"m_AlwaysRefresh":false,"showFog":true,"showSkybox":true,"showFlares":true,"showImageEffects":true,"showParticleSystems":true,"showVisualEffectGraphs":true,"m_FxEnabled":true},"in2DMode":false,"pivot":{"x":32.64011001586914,"y":-7.077842712402344,"z":-15.731246948242188},"rotation":{"x":0.008999835699796677,"y":-0.0030001106206327678,"z":0.000027157411750522442,"w":0.9999448657035828},"size":65.9986801147461,"orthographic":false}